artist,total_weeks,track_count
ELVIS,79,18
BEATLES,69,17
CLIFF RICHARD,46,14
SHADOWS,44,12
FRANKIE LAINE,32,4
ABBA,31,9
JUSTIN BIEBER,29,6
MADONNA,29,13
TAKE THAT,29,12
CLIFF RICHARD & THE SHADOWS,28,7
THE SHADOWS,28,7
RIHANNA,25,9
ELTON JOHN,23,7
WET WET WET,23,3
ED SHEERAN,22,4
QUEEN,22,7
SPICE GIRLS,22,9
SLADE,20,6
WESTLIFE,20,14
EVERLY BROTHERS,19,4
OLIVIA NEWTON-JOHN,18,3
ROD STEWART,18,6
ROLLING STONES,18,8
BRYAN ADAMS,17,2
CALVIN HARRIS,17,8
FRANK IFIELD,17,4
GEORGE MICHAEL,17,7
CHER,16,5
DRAKE,16,2
JOHN TRAVOLTA,16,2
KYLIE MINOGUE,16,7
MICHAEL JACKSON,16,7
T REX,16,4
WHITNEY HOUSTON,16,4
DORIS DAY,15,2
FRANKIE GOES TO HOLLYWOOD,15,3
KYLA,15,1
WIZKID,15,1
CLEAN BANDIT,14,3
GUY MITCHELL,14,4
BAND AID,13,4
BEE GEES,13,5
BLONDIE,13,6
BRUNO MARS,13,5
DAVID BOWIE,13,5
EDDIE CALVERT,13,2
LEONA LEWIS,13,3
PERRY COMO,13,2
POLICE,13,5
ROBSON JEROME,13,3
BLACK EYED PEAS,12,5
CONNIE FRANCIS,12,2
DADDY YANKEE,12,1
DAVID WHITFIELD,12,2
JAY-Z,12,3
LUIS FONSI,12,1
PET SHOP BOYS,12,4
ENGELBERT HUMPERDINCK,11,2
GARETH GATES,11,4
GERRY & THE PACEMAKERS,11,3
JOHNNIE RAY,11,3
KATY PERRY,11,5
LONNIE DONEGAN,11,3
MANTOVANI,11,2
ROBBIE WILLIAMS,11,7
SLIM WHITMAN,11,1
SUGABABES,11,6
BEYONCE,10,5
DAVID WHITFIELD MANTOVANI AND HIS ORCHESTRA,10,1
DONNY OSMOND,10,3
JESS GLYNNE,10,5
LADY GAGA,10,4
MUD,10,3
NELLY,10,6
PINK,10,4
SEEKERS,10,4
SHAKIN' STEVENS,10,4
STARGAZERS,10,3
ADAM & THE ANTS,9,2
AL MARTINO,9,1
ATOMIC KITTEN,9,3
BAY CITY ROLLERS,9,2
BONEY M,9,2
BOYZONE,9,6
CELINE DION,9,2
CULTURE CLUB,9,2
DAWN,9,2
GARY GLITTER,9,3
GNARLS BARKLEY,9,1
JAM,9,4
JASON DERULO,9,4
JASON DONOVAN,9,4
JIVE BUNNY & THE MASTERMIXERS,9,3
JUSTIN TIMBERLAKE,9,4
LILY ALLEN,9,3
MUNGO JERRY,9,2
PAUL ANKA,9,1
PETER KAY,9,2
PUSSYCAT,9,3
SAM SMITH,9,6
SANDIE SHAW,9,3
STEVIE WONDER,9,2
TENNESSEE ERNIE FORD,9,2
TINIE TEMPAH,9,7
WILL YOUNG,9,4
WINGS,9,1
ADELE,8,2
ARCHIES,8,1
ART GARFUNKEL,8,2
BRITNEY SPEARS,8,6
BROTHERHOOD OF MAN,8,3
CHRISTIE,8,2
DIZZEE RASCAL,8,4
EMINEM,8,8
FRANK SINATRA,8,3
GIRLS ALOUD,8,4
LITTLE MIX,8,4
McFLY,8,7
OASIS,8,8
PHARRELL WILLIAMS,8,2
PHIL COLLINS,8,3
SHAKESPEAR'S SISTER,8,1
SHAKIRA,8,2
SNAP,8,2
TOM JONES,8,2
U2,8,7
WINIFRED ATWELL,8,2
ALL SAINTS,7,5
AQUA,7,3
BLUE,7,6
CHRISTINA AGUILERA,7,4
CILLA BLACK,7,2
DAVID SOUL,7,2
DIANA ROSS,7,2
ELLIE GOULDING,7,2
ESTELLE,7,2
FRANKIE VAUGHAN,7,2
FUGEES,7,2
HARRY BELAFONTE,7,1
JAMES ARTHUR,7,2
JIMMY YOUNG,7,2
JOHN LENNON,7,3
KANYE WEST,7,3
MANFRED MANN,7,3
MARK RONSON,7,1
MEAT LOAF,7,1
NE-YO,7,5
R KELLY,7,2
ROY ORBISON,7,3
SEARCHERS,7,3
SHAGGY,7,4
TAB HUNTER,7,1
TONY CHRISTIE,7,1
WILL I AM,7,5
X FACTOR,7,4
112,6,1
ALEXANDRA BURKE,6,3
B*WITCHED,6,4
BILL HALEY & HIS COMETS,6,1
BLACK BOX,6,1
BOBBY DARIN,6,2
BOOMTOWN RATS,6,2
BUCKS FIZZ,6,3
CHERYL,6,5
DAVE EDMUNDS,6,1
DAVID ESSEX,6,2
DAVID GUETTA,6,6
DEXY'S MIDNIGHT RUNNERS,6,2
DICKIE VALENTINE,6,2
DURAN DURAN,6,2
EMILE FORD & THE CHECKMATES,6,1
FAITH EVANS,6,1
FIVE,6,4
FLO RIDA,6,5
FREDA PAYNE,6,1
GABRIELLE,6,3
GEORGE HARRISON,6,1
HELEN SHAPIRO,6,2
JASON NEVINS,6,1
JLS,6,5
KIKI DEE,6,1
LIONEL RICHIE,6,1
MARIAH CAREY,6,2
MARY HOPKIN,6,1
NANCY SINATRA,6,2
PITBULL,6,3
PROCOL HARUM,6,1
PUFF DADDY,6,1
RIGHTEOUS BROTHERS,6,2
ROLF HARRIS,6,1
RONNIE HILTON,6,1
RUN DMC,6,1
RUSS CONWAY,6,2
SWEET,6,2
TREMELOES,6,2
USHER,6,4
X FACTOR FINALISTS,6,3
2 UNLIMITED,5,1
ANTHONY NEWLEY,5,2
BABYLON ZOO,5,1
BADDIEL & SKINNER,5,2
BASSHUNTER,5,1
BILLY J. KRAMER & THE DAKOTAS,5,2
BILLY JOEL,5,1
BUSTED,5,4
CAMILA CABELLO,5,1
CHESNEY HAWKES,5,1
CHROME,5,2
COMMODORES,5,1
CONWAY TWITTY,5,1
DANIEL BEDINGFIELD,5,3
DAVID CASSIDY,5,2
DON CORNELL,5,1
DON MCLEAN,5,2
DUFFY,5,1
EAST 17,5,1
EDISON LIGHTHOUSE,5,1
ENYA,5,2
ERASURE,5,1
ERIC PRYDZ,5,1
FLYING PICKETS,5,1
GERI HALLIWELL,5,4
GOTYE,5,1
HOLLIES,5,2
HUMAN LEAGUE,5,1
JAMES BLUNT,5,1
JENNIFER RUSH,5,1
JESSIE J,5,3
JIM REEVES,5,1
KALIN TWINS,5,1
KIMBRA,5,1
KINKS,5,3
KWS,5,1
LEO SAYER,5,2
LIGHTNING SEEDS,5,2
LITTLE JIMMY OSMOND,5,1
LUKAS GRAHAM,5,1
MEGHAN TRAINOR,5,2
MIDDLE OF THE ROAD,5,1
MIKA,5,1
NEW KIDS ON THE BLOCK,5,2
NEW SEEKERS,5,2
NILSSON,5,1
OLLY MURS,5,4
OUTHERE BROTHERS,5,2
PAT BOONE,5,1
PAUL HARDCASTLE,5,1
PINK FLOYD,5,1
PRODIGY,5,2
PUSSYCAT DOLLS,5,2
RICK ASTLEY,5,1
RITA ORA,5,4
ROBIN THICKE,5,1
S CLUB 7,5,4
SEAN PAUL,5,2
SHIRLEY BASSEY,5,2
T'PAU,5,1
THE PIPES & DRUMS & MILITARY BAND OF THE ROYAL SCOTS DRAGOON GUARDS,5,1
THE PLASTIC POPULATION,5,1
TI,5,1
TORNADOS,5,1
WALKER BROTHERS,5,2
WIZ KHALIFA,5,2
WIZZARD,5,2
WYCLEF JEAN,5,1
YAZZ,5,1
YOUNG THUG,5,1
21 SAVAGE,4,1
ADAM FAITH,4,2
ADAMSKI,4,1
AKON,4,3
ANNE SHELTON,4,1
AVICII,4,2
BAND AID 20,4,1
BANGLES,4,1
BARBARA DICKSON,4,1
BARBARA GASKIN,4,1
BEATS INTERNATIONAL,4,1
BENNY HILL,4,1
BERLIN,4,1
BILLY OCEAN,4,1
BLU CANTRELL,4,1
BLUEBELLS,4,1
BOB THE BUILDER,4,2
CARLY RAE JEPSEN,4,1
CARON WHEELER,4,1
CHARLES AZNAVOUR,4,1
CHERYL COLE,4,3
CHUCK BERRY,4,1
COMMUNARDS,4,1
CRAIG DOUGLAS,4,1
CRAZY FROG,4,1
CULTURE BEAT,4,1
D:REAM,4,1
DAFT PUNK,4,1
DAVE STEWART,4,1
DEAN MARTIN,4,1
DIDDY,4,2
DONNA SUMMER,4,1
EAMON,4,1
ELAINE PAIGE,4,1
ENRIQUE IGLESIAS,4,1
EVANESCENCE,4,1
GARY PUCKETT,4,1
GENE PITNEY,4,1
GEORGIE FAME,4,3
GILBERT O'SULLIVAN,4,2
GLENN MEDEIROS,4,1
GLORIA GAYNOR,4,1
GOONROCK,4,1
HALSEY,4,1
HEAR'SAY,4,2
HUGO MONTENEGRO & HIS ORCHESTRA & CHORUS,4,1
JACKIE WILSON,4,1
JENNIFER LOPEZ,4,3
JOHN LEYTON,4,1
JXL,4,1
KATE BUSH,4,1
LAUREN BENNETT,4,1
LIEUTENANT PIGEON,4,1
LINDY LAYTON,4,1
LMFAO,4,1
LOUIS ARMSTRONG,4,1
MARC ALMOND,4,1
MARIA MCKEE,4,1
MICK JAGGER,4,1
MIKE POSNER,4,1
MONKEES,4,1
NELLY FURTADO,4,2
OMI,4,1
ONE DIRECTION,4,4
PARTNERS IN KRYME,4,1
PATO BANTON,4,1
PETER SARSTEDT,4,1
PHILIP BAILEY,4,1
POST MALONE,4,1
PRINCE,4,2
RENEE & RENATO,4,1
ROLL DEEP,4,2
RONAN KEATING,4,3
ROOM 5,4,1
ROSEMARY CLOONEY,4,2
RUBETTES,4,1
SARAH-JANE MORRIS,4,1
SCAFFOLD,4,1
SCISSOR SISTERS,4,1
SCOTT MCKENZIE,4,1
SEAN KINGSTON,4,1
SHAMEN,4,1
SHAYNE WARD,4,1
SIMON PARK ORCHESTRA,4,1
SIMPLY RED,4,1
SINEAD O'CONNOR,4,1
SISTER SLEDGE,4,1
SOUL II SOUL,4,1
SPANDAU BALLET,4,1
STARSHIP,4,1
SURVIVOR,4,1
TAIO CRUZ,4,2
TERRY JACKS,4,1
THE CHAINSMOKERS,4,1
TINCHY STRYDER,4,2
TONY ORLANDO,4,1
TUBEWAY ARMY,4,1
UNION GAP,4,1
VANILLA ICE,4,1
WHIGFIELD,4,1
WILL SMITH,4,1
10CC,3,2
2PAC,3,1
ACE OF BASE,3,1
AFROJACK,3,1
AFROMAN,3,1
ALICE COOPER,3,1
ARMAND VAN HELDEN,3,2
BAND AID II,3,1
BARBRA STREISAND,3,1
BEACH BOYS,3,2
BEN E. KING,3,1
BILLIE,3,3
BLUR,3,2
BOMBALURINA,3,1
BORIS GARDINER,3,1
BOYZ II MEN,3,1
BRIAN & MICHAEL,3,1
BRIAN POOLE & THE TREMELOES,3,1
BRIAN POTTER & ANDY PIPKIN,3,1
BUDDY HOLLY,3,1
BUSTA RHYMES,3,1
CARL DOUGLAS,3,1
CHAKA KHAN,3,1
CHARLIE PUTH,3,2
CHICAGO,3,1
CHICORY TIP,3,1
CHRIS DE BURGH,3,1
CLIVE DUNN,3,1
COLOR ME BADD,3,1
CREEDENCE CLEARWATER REVIVAL,3,1
CRICKETS,3,1
DEL SHANNON,3,1
DICKIE VALENTINE WITH THE STARGAZERS,3,1
DOCTOR & THE MEDICS,3,1
DOOP,3,1
DR HOOK,3,1
DREAM WEAVERS,3,1
DUKE DUMONT,3,2
EDDY GRANT,3,1
EIFFEL 65,3,1
EMELI SANDE,3,2
ENGLAND WORLD CUP SQUAD,3,1
EQUALS,3,1
ESTHER & ABI OFARIM,3,1
EXAMPLE,3,2
FERRY AID,3,1
FLORENCE & THE MACHINE,3,1
FOREIGNER,3,1
FOUR TOPS,3,1
FRANKEE,3,1
FRANKIE LYMON,3,1
GARY BARLOW,3,3
GARY JULES,3,1
GEORGE MCCRAE,3,1
GEORGIE FAME & THE BLUE FLAMES,3,2
GOOMBAY DANCE BAND,3,1
HANK MARVIN,3,1
HANSON,3,1
HOT CHOCOLATE,3,1
IRENE CARA,3,1
JET HARRIS,3,1
JIMMY JONES,3,1
JIMMY NAIL,3,1
JOE DOLCE MUSIC THEATRE,3,1
JOHN NEWMAN,3,3
JOHNNY MATHIS,3,1
K C & THE SUNSHINE BAND,3,1
KAY STARR,3,2
KELLY ROWLAND,3,2
KEN BOOTHE,3,1
KENNY ROGERS,3,2
KINGS OF LEON,3,1
LEE MARVIN,3,1
LENA MARTELL,3,1
LEON JACKSON,3,1
LORD ROCKINGHAM'S XI,3,1
MANHATTAN TRANSFER,3,1
MARMALADE,3,1
MAROON 5,3,1
MARVIN GAYE,3,1
MARVIN RAINWATER,3,1
MASH,3,1
MATT CARDLE,3,1
MATTHEW'S SOUTHERN COMFORT,3,1
MEN AT WORK,3,1
MICHAEL ANDREWS,3,1
MICHAEL HOLLIDAY,3,2
MICHELLE,3,1
MR BLOBBY,3,1
MUSICAL YOUTH,3,1
N-DUBZ,3,1
NAYER,3,1
NENA,3,1
NICK BERRY,3,1
NICOLE KIDMAN,3,1
NO DOUBT,3,1
OSMONDS,3,1
OVERLANDERS,3,1
OWL CITY,3,1
PAPER LACE,3,1
PAUL YOUNG,3,1
PETER ANDRE,3,3
PETULA CLARK,3,2
PILOT,3,1
PIXIE LOTT,3,3
RAYVON,3,1
REAL THING,3,1
REDNEX,3,1
RICKY MARTIN,3,1
RICKY VALANCE,3,1
RIGHT SAID FRED,3,1
ROBIN BECK,3,1
RUBY MURRAY,3,1
SHOWADDYWADDY,3,1
SIMON & GARFUNKEL,3,1
SIMPSONS,3,1
SMOKEY ROBINSON,3,2
SONIQUE,3,1
SPECIALS,3,1
SPENCER DAVIS GROUP,3,2
SPITTING IMAGE,3,1
STYLISTICS,3,1
SUZI QUATRO,3,2
TAMMY WYNETTE,3,1
TAMS,3,1
TEENAGERS,3,1
THE MELLOMEN,3,1
THE PROCLAIMERS,3,1
THE SHONDELLS,3,1
THUNDERCLAP NEWMAN,3,1
TIFFANY,3,1
TIGHT FIT,3,1
TIMBALAND,3,2
TINA CHARLES,3,1
TOMMY EDWARDS,3,1
TOMMY JAMES,3,1
TONY MEEHAN,3,1
UB40,3,2
VARIOUS ARTISTS,3,1
VILLAGE PEOPLE,3,1
WANTED,3,2
WINDSOR DAVIES & DON ESTELLE,3,1
YOUNG ONES,3,1
ZAGER & EVANS,3,1
2 CHAINZ,2,1
A-HA,2,1
A1,2,2
ADAM ANT,2,1
ALMA COGAN,2,1
AME,2,1
AMEN CORNER,2,1
ANDY WILLIAMS,2,1
ANITA WARD,2,1
ARCTIC MONKEYS,2,2
ARETHA FRANKLIN,2,1
ASWAD,2,1
ATB,2,1
AVERY STORM,2,1
BABY D,2,1
BARRY WHITE,2,1
BELINDA CARLISLE,2,1
BINGO PLAYERS,2,1
BONNIE TYLER,2,1
BOY GEORGE,2,1
BROS,2,1
BYRDS,2,1
CAPTAIN SENSIBLE,2,1
CASCADA,2,1
CEE LO GREEN,2,1
CHARLES & EDDIE,2,1
CHEMICAL BROTHERS,2,2
CHICO,2,1
CHRISSIE HYNDE,2,2
CLASH,2,1
COCKNEY REBEL,2,1
COLDPLAY,2,2
COOLIO LV,2,1
CRAIG DAVID,2,2
CROWD,2,1
DANA,2,1
DANNY WILLIAMS,2,1
DARIUS,2,1
DAVE ANSEL COLLINS,2,1
DAVE CLARK FIVE,2,1
DAVID SNEDDON,2,1
DEAD OR ALIVE,2,1
DENIECE WILLIAMS,2,1
DESTINY'S CHILD,2,2
DJ FRESH,2,2
DJ KHALED,2,2
DOE,2,1
DUA LIPA,2,1
EDDIE COCHRAN,2,1
EDDIE FISHER,2,2
ELLA HENDERSON,2,1
EMMA BUNTON,2,1
EUROPE,2,1
FATMAN SCOOP THE CROOKLYN CLAN,2,1
FEARGAL SHARKEY,2,1
FOUNDATIONS,2,1
FOUR SEASONS,2,1
FRAGMA,2,1
FREDDIE MERCURY,2,1
GARETH MALONE,2,2
GRANDE,2,2
HELPING HAITI,2,1
HERMAN'S HERMITS,2,1
HONEYCOMBS,2,1
IRON MAIDEN,2,1
IYAZ,2,1
JAGGED EDGE,2,1
JAMES CORDEN,2,1
JAZZY JEFF & THE FRESH PRINCE,2,1
JERRY LEE LEWIS,2,1
JESSIE J BOB,2,1
JOHN LEGEND,2,1
JOHNNY LOGAN,2,1
JOHNNY PRESTON,2,1
JOHNNY TILLOTSON,2,1
JOHNSTON BROTHERS,2,1
KAJAGOOGOO,2,1
KELLY MARIE,2,1
KERI HILSON,2,1
KESHA,2,2
KLF,2,1
LAZA MORGAN,2,1
LILLY WOOD,2,1
LIMP BIZKIT,2,1
LISA STANSFIELD,2,1
LMC,2,1
LONG JOHN BALDRY,2,1
LOS LOBOS,2,1
LOU BEGA,2,1
LOVE AFFAIR,2,1
LUDACRIS,2,1
LULU,2,1
M/A/R/R/S,2,1
MADNESS,2,1
MANIC STREET PREACHERS,2,2
MARCELS,2,1
MARIO WINANS,2,1
MARK MORRISON,2,1
MARTINE MCCUTCHEON,2,1
MECK,2,1
MELANIE C,2,2
MIKE SARNE,2,1
MILEY CYRUS,2,2
MINT ROYALE,2,1
MODJO,2,1
MR OIZO,2,1
MR PROBZ,2,1
MY CHEMICAL ROMANCE,2,1
NATASHA BEDINGFIELD,2,1
NEW ORDER,2,1
NICO & VINZ,2,1
NICOLE,2,1
NORMAN GREENBAUM,2,1
NOTORIOUS BIG,2,1
ODYSSEY,2,1
OLIVE,2,1
OLLY MURS FLO RIDA,2,1
ONEREPUBLIC,2,1
PAUL MCCARTNEY,2,1
PEREZ PRADO & HIS ORCHESTRA,2,1
PETER & GORDON,2,1
PETER KAY'S ANIMATED ALL STAR,2,1
PRETENDERS,2,1
PROFESSOR GREEN,2,1
RAY CHARLES,2,1
REDMAN,2,1
ROBIN SCHULZ,2,1
ROXY MUSIC,2,1
RUDIMENTAL,2,2
S-EXPRESS,2,1
SCOUTING FOR GIRLS,2,1
SCRIPT,2,1
SHANKS & BIGFOOT,2,1
SHAWN MENDES,2,1
SIGMA,2,2
SIMPLE MINDS,2,1
SNOOP DOGG,2,1
SOFT CELL,2,1
SONIA,2,1
SONNY,2,1
SPINNERS,2,1
ST WINIFRED'S SCHOOL CHOIR,2,1
STEPS,2,2
STEVE 'SILK' HURLEY,2,1
STEVE HARLEY,2,1
STEVE MILLER BAND,2,1
SUPREMES,2,1
TASMIN ARCHER,2,1
TELETUBBIES,2,1
TELLY SAVALAS,2,1
THE FIRM,2,1
THE KUMARS,2,1
THE SPECIAL AKA,2,1
THE WONDER STUFF,2,1
THREE DEGREES,2,1
TONY BENNETT,2,1
TROGGS,2,1
USA FOR AFRICA,2,1
VENGABOYS,2,2
VERA LYNN,2,1
VIC DAMONE,2,1
VIC REEVES,2,1
WENDY RICHARD,2,1
WILEY,2,1
WURZELS,2,1
X FACTOR FINALISTS 2010,2,1
911,1,1
3 OF A KIND,1,1
5 SECONDS OF SUMMER,1,1
AALIYAH,1,1
ALESSO,1,1
ALOE BLACC,1,1
ALTHEA AND DONNA,1,1
ALVIN STARDUST,1,1
AMELLE BERRABAH,1,1
ANEKA,1,1
ANIMALS,1,1
ANOTHER LEVEL,1,1
ARIANA GRANDE,1,1
ARTISTS FOR GRENFELL,1,1
ASHANTI,1,1
B BUMBLE & THE STINGERS,1,1
BACCARA,1,1
BACHELORS,1,1
BACKSTREET BOYS,1,1
BAND AID 30,1,1
BAZ LUHRMANN,1,1
BEAUTIFUL SOUTH,1,1
BEBE WINANS,1,1
BECKY HILL,1,1
BEN HAENOW,1,1
BILLIE PIPER,1,1
BLACK LEGEND,1,1
BLAZIN' SQUAD,1,1
BOBBY GENTRY,1,1
BRIAN McFADDEN,1,1
BUGGLES,1,1
CASSANDRA,1,1
CHANCE THE RAPPER,1,1
CHARLENE,1,1
CHARLI XCX,1,1
CHEF,1,1
CHER LLOYD,1,1
CHICANE,1,1
CHIPMUNK,1,1
CHRIS BROWN,1,1
CHRIS FARLOWE,1,1
CHRIS WILLIS,1,1
CIARA,1,1
CODY WISE,1,1
COMIC RELIEF,1,1
COMMONWEALTH BAND,1,1
CORNERSHOP,1,1
CORRS,1,1
COVER DRIVE,1,1
CRAZY WORLD OF ARTHUR BROWN,1,1
D CUP,1,1
DAPPY,1,1
DAVE DEE,1,1
DAVID GUETTA CHRIS WILLIS,1,1
DAVID ZOWIE,1,1
DEEP BLUE SOMETHING,1,1
DEMIS ROUSSOS,1,1
DES O'CONNOR,1,1
DESMOND DEKKER,1,1
DEV,1,1
DIANA VICKERS,1,1
DJ CASPER,1,1
DJ OTZI,1,1
DJ PIED PIPER & THE MASTERS OF CEREMONIES,1,1
DJ SAMMY,1,1
DUANE HARDEN,1,1
DUSTY SPRINGFIELD,1,1
DVBBS & BORGEOUS,1,1
EDEN KANE,1,1
ELLA EYRE,1,1
ENIGMA,1,1
ERIC CLAPTON,1,1
ETERNAL,1,1
EURYTHMICS,1,1
EVA CASSIDY,1,1
FAIRGROUND ATTRACTION,1,1
FALCO,1,1
FATBOY SLIM,1,1
FEDDE LE GRAND,1,1
FERN KINNEY,1,1
FLEETWOOD MAC,1,1
FLOATERS,1,1
FLORENCE WELCH,1,1
FLOYD CRAMER,1,1
FOUR PENNIES,1,1
FUN.,1,1
GABRIELLE APLIN,1,1
GARETH MALONE'S ALL STAR CHOIR,1,1
GARY NUMAN,1,1
GINA G,1,1
GORILLAZ,1,1
HALE & PACE & THE STONKERS,1,1
HARRY STYLES,1,1
HAYLEY WILLIAMS,1,1
HIGHWAYMEN,1,1
HOLLY VALANCE,1,1
HOUSEMARTINS,1,1
HURTS,1,1
IAN DURY & THE BLOCKHEADS,1,1
ICONA POP,1,1
IGGY AZALEA,1,1
J.J. BARRIE,1,1
JA RULE,1,1
JACKIE TRENT,1,1
JACKSONS,1,1
JAMIROQUAI,1,1
JANE BIRKIN,1,1
JANE MORGAN,1,1
JANELLE MONAE,1,1
JAX JONES,1,1
JERRY KELLER,1,1
JIM DIAMOND,1,1
JIMI HENDRIX EXPERIENCE,1,1
JO STAFFORD,1,1
JOE COCKER,1,1
JOE McELDERRY,1,1
JOHN DENVER,1,1
JOHNNY KIDD & THE PIRATES,1,1
JOHNNY NASH,1,1
JOSH KUMRA,1,1
JULIE COVINGTON,1,1
JULIO IGLESIAS,1,1
JUSTICE COLLECTIVE,1,1
KAISER CHIEFS,1,1
KATIE MELUA,1,1
KATY B,1,1
KDA,1,1
KELLY CLARKSON,1,1
KID ROCK,1,1
KIESZA,1,1
KITTY KALLEN,1,1
KRAFTWERK,1,1
LA ROUX,1,1
LABRINTH,1,1
LAS KETCHUP,1,1
LEANN RIMES,1,1
LENNY KRAVITZ,1,1
LIBERTY X,1,1
LIL WAYNE,1,1
LISA 'LEFT EYE' LOPES,1,1
LITA ROZA,1,1
LIVIN' JOY,1,1
LL COOL J,1,1
LORDE,1,1
LOST FREQUENCIES,1,1
MACKLEMORE,1,1
MADISON AVENUE,1,1
MAGIC,1,1
MANCHESTER UNITED FOOTBALL CLUB,1,1
MARTIN GARRIX,1,1
MAYA,1,1
MEL & KIM,1,1
MELANIE B,1,1
MIDGE URE,1,1
MILITARY WIVES,1,1
MOODY BLUES,1,1
MOVE,1,1
MYA,1,1
NAUGHTY BOY,1,1
NENEH CHERRY,1,1
NERO,1,1
NEW EDITION,1,1
NICKY ROMERO,1,1
NICOLE SCHERZINGER,1,1
NIZLOPI,1,1
OFFSPRING,1,1
OLIVER HELDENS,1,1
ORSON,1,1
OXIDE & NEUTRINO,1,1
OZZY & KELLY OSBOURNE,1,1
PALOMA FAITH,1,1
PETERS & LEE,1,1
PETEY PABLO,1,1
PHYLLIS NELSON,1,1
PJ & DUNCAN,1,1
PLATTERS,1,1
PSY,1,1
QUAVO,1,1
RACHEL PLATTEN,1,1
RAGE AGAINST THE MACHINE,1,1
RAY STEVENS,1,1
RAZORLIGHT,1,1
RIXTON,1,1
RIZZLE KICKS,1,1
ROBYN KLEERUP,1,1
ROGER MILLER,1,1
ROGER SANCHEZ,1,1
ROUTE 94,1,1
RUI DA SILVA,1,1
RYAN LEWIS,1,1
SAK NOEL,1,1
SALLY SWEETLAND,1,1
SAM & MARK,1,1
SAM & THE WOMP,1,1
SAM BAILEY,1,1
SAM MARTIN,1,1
SANDI THOM,1,1
SATURDAYS,1,1
SECONDCITY,1,1
SERGE GAINSBOURG,1,1
SHAPESHIFTERS,1,1
SIA,1,1
SIAN EVANS,1,1
SIGALA,1,1
SLIK,1,1
SMALL FACES,1,1
SO SOLID CREW,1,1
SPACEDUST,1,1
SPILLER,1,1
STATUS QUO,1,1
STEREOPHONICS,1,1
STEVE BROOKSTEIN,1,1
STILTSKIN,1,1
STORM QUEEN,1,1
STREETS,1,1
SWEDISH HOUSE MAFIA,1,1
SWEET SENSATION,1,1
TAMPERER,1,1
TEMPERANCE SEVEN,1,1
THE ACES,1,1
THE LEWISHAM & GREENWICH NHS CHOIR,1,1
THE MIRACLES,1,1
TIM MCGRAW,1,1
TIMELORDS,1,1
TING TINGS,1,1
TOMCRAFT,1,1
TOMMY ROE,1,1
TOMMY STEELE & THE STEELMEN,1,1
TONY DI BART,1,1
TORI AMOS,1,1
TULISA,1,1
TYMES,1,1
TYPICALLY TROPICAL,1,1
UNIT FOUR PLUS TWO,1,1
VERVE,1,1
WAMDUE PROJECT,1,1
WANZ,1,1
WHITE TOWN,1,1
WRETCH 32,1,1
X FACTOR FINALISTS 2011,1,1
YEARS & YEARS,1,1
YOLANDA BE COOL,1,1
ZAYN,1,1
Artist,0,
B.O.B,0,
BUBBLE RANX,0,
CHAKA DEMUS & PLIERS,0,
DJ MENTAL THEO'S BAZZHEADZ,0,
EVAN SIMONS,0,
FAR EAST MOVEMENT,0,
JACK RADICS & TAXI GANG,0,
JOHN MARTIN,0,
LIL KIM,0,
LIL' JOHN,0,
MÌ÷,0,
MIS D,0,
MISSY ELLIOTT,0,
NICKI MINAJ,0,
OLVIER CHEATHAM,0,
SEBASTIAN,0,
t.A.T.u.,0,
WHAM!,0,
YANOU & DO,0,