artist,count
112,1
911,1
10CC,3
2 CHAINZ,1
2PAC,1
2 UNLIMITED,1
3 OF A KIND,1
5 SECONDS OF SUMMER,1
A1,2
AALIYAH,1
ABBA,9
ACE OF BASE,1
ADAM & THE ANTS,2
ADAM ANT,1
ADAM FAITH,2
ADAMSKI,1
ADELE,2
AFROJACK,1
AFROMAN,1
A-HA,1
AKON,3
AKON EMINEM,1
ALESSO,1
ALEXANDRA BURKE,3
ALICE COOPER,1
ALL SAINTS,5
ALMA COGAN,1
AL MARTINO,1
ALOE BLACC,1
ALTHEA AND DONNA,1
ALVIN STARDUST,1
AME,1
AMELLE BERRABAH,1
AMEN CORNER,1
ANDY WILLIAMS,1
ANEKA,1
ANIMALS,1
ANITA WARD,1
ANNE SHELTON,1
ANOTHER LEVEL,1
ANTHONY NEWLEY,2
AQUA,3
ARCHIES,1
ARCTIC MONKEYS,2
ARETHA FRANKLIN,1
ARIANA GRANDE,1
ARMAND VAN HELDEN,2
ART GARFUNKEL,2
ARTISTS FOR GRENFELL,1
ASHANTI,1
ASWAD,1
ATB,1
ATOMIC KITTEN,3
AVERY STORM,1
AVICII,2
B.O.B,1
B*WITCHED,4
BABY D,1
BABYLON ZOO,1
BACCARA,1
BACHELORS,1
BACKSTREET BOYS,1
BADDIEL & SKINNER,2
BAND AID,4
BAND AID 20,1
BAND AID 30,1
BAND AID II,1
BANGLES,1
BARBARA DICKSON,1
BARBARA GASKIN,1
BARBRA STREISAND,1
BARRY WHITE,1
BASSHUNTER,1
BAY CITY ROLLERS,2
BAZ LUHRMANN,1
B BUMBLE & THE STINGERS,1
BEACH BOYS,2
BEATLES,17
BEATS INTERNATIONAL,1
BEAUTIFUL SOUTH,1
BEBE WINANS,1
BECKY HILL,1
BEE GEES,5
BELINDA CARLISLE,1
BEN E. KING,1
BEN HAENOW,1
BENNY HILL,1
BERLIN,1
BEYONCE,5
BILL HALEY & HIS COMETS,1
BILLIE,3
BILLIE PIPER,1
BILLY J. KRAMER & THE DAKOTAS,2
BILLY JOEL,1
BILLY OCEAN,1
BINGO PLAYERS,1
BLACK BOX,1
BLACK EYED PEAS,5
BLACK LEGEND,1
BLAZIN' SQUAD,1
BLONDIE,6
BLU CANTRELL,1
BLUE,6
BLUEBELLS,1
BLUR,2
BOBBY DARIN,2
BOBBY GENTRY,1
BOB THE BUILDER,2
BOMBALURINA,1
BONEY M,2
BONNIE TYLER,1
BOOMTOWN RATS,2
BORIS GARDINER,1
BOY GEORGE,1
BOYZ II MEN,1
BOYZONE,6
BRIAN & MICHAEL,1
BRIAN McFADDEN,1
BRIAN POOLE & THE TREMELOES,1
BRIAN POTTER & ANDY PIPKIN,1
BRITNEY SPEARS,6
BROS,1
BROTHERHOOD OF MAN,3
BRUNO MARS,5
BRYAN ADAMS,2
BUCKS FIZZ,3
BUDDY HOLLY,1
BUGGLES,1
BUSTA RHYMES,1
BUSTED,4
BYRDS,1
CALVIN HARRIS,7
CAPTAIN SENSIBLE,1
CARL DOUGLAS,1
CARLY RAE JEPSEN,1
CARON WHEELER,1
CASCADA,1
CASSANDRA,1
CEE LO GREEN,1
CELINE DION,2
CHAKA KHAN,1
CHANCE THE RAPPER,1
CHARLENE,1
CHARLES & EDDIE,1
CHARLES AZNAVOUR,1
CHARLIE PUTH,2
CHARLI XCX,1
CHEF,1
CHEMICAL BROTHERS,2
CHER,5
CHER LLOYD,1
CHERYL,5
CHERYL COLE,3
CHESNEY HAWKES,1
CHICAGO,1
CHICANE,1
CHICO,1
CHICORY TIP,1
CHIPMUNK,1
CHRIS BROWN,1
CHRIS DE BURGH,1
CHRIS FARLOWE,1
CHRISSIE HYNDE,2
CHRISTIE,2
CHRISTINA AGUILERA,4
CHRIS WILLIS,1
CHROME,2
CHUCK BERRY,1
CIARA,1
CILLA BLACK,2
CLASH,1
CLEAN BANDIT,3
CLIFF RICHARD,14
CLIFF RICHARD & THE SHADOWS,7
CLIVE DUNN,1
COCKNEY REBEL,1
CODY WISE,1
COLDPLAY,2
COLOR ME BADD,1
COMIC RELIEF,1
COMMODORES,1
COMMONWEALTH BAND,1
COMMUNARDS,1
CONNIE FRANCIS,2
CONWAY TWITTY,1
COOLIO LV,1
CORNERSHOP,1
CORRS,1
COVER DRIVE,1
CRAIG DAVID,2
CRAIG DOUGLAS,1
CRAZY FROG,1
CRAZY WORLD OF ARTHUR BROWN,1
CREEDENCE CLEARWATER REVIVAL,1
CRICKETS,1
CROWD,1
CULTURE BEAT,1
CULTURE CLUB,2
D:REAM,1
DADDY YANKEE,1
DAFT PUNK,1
DANA,1
DANIEL BEDINGFIELD,3
DANNY WILLIAMS,1
DAPPY,1
DARIUS,1
DAVE ANSEL COLLINS,1
DAVE CLARK FIVE,1
"DAVE DEE, DOZY, BEAKY, MICK & TICH",1
DAVE EDMUNDS,1
DAVE STEWART,1
DAVID BOWIE,5
DAVID CASSIDY,2
DAVID ESSEX,2
DAVID GUETTA,6
DAVID GUETTA CHRIS WILLIS,1
DAVID SNEDDON,1
DAVID SOUL,2
DAVID WHITFIELD,2
DAVID WHITFIELD MANTOVANI AND HIS ORCHESTRA,1
DAVID ZOWIE,1
DAWN,2
D CUP,1
DEAD OR ALIVE,1
DEAN MARTIN,1
DEEP BLUE SOMETHING,1
DEL SHANNON,1
DEMIS ROUSSOS,1
DENIECE WILLIAMS,1
DESMOND DEKKER,1
DES O'CONNOR,1
DESTINY'S CHILD,2
DEV,1
DEXY'S MIDNIGHT RUNNERS,2
DIANA ROSS,2
DIANA VICKERS,1
DICKIE VALENTINE,2
DICKIE VALENTINE WITH THE STARGAZERS,1
DIDDY,2
DIZZEE RASCAL,4
DJ CASPER,1
DJ FRESH,2
DJ KHALED,1
DJ OTZI,1
DJ PIED PIPER & THE MASTERS OF CEREMONIES,1
DJ SAMMY,1
DOCTOR & THE MEDICS,1
DOE,1
DON CORNELL,1
DON MCLEAN,2
DONNA SUMMER,1
DONNY OSMOND,3
DOOP,1
DORIS DAY,2
DRAKE,2
DREAM WEAVERS,1
DR HOOK,1
DUANE HARDEN,1
DUFFY,1
DUKE DUMONT,2
DURAN DURAN,2
DUSTY SPRINGFIELD,1
DVBBS & BORGEOUS,1
EAMON,1
EAST 17,1
EDDIE CALVERT,2
EDDIE COCHRAN,1
EDDIE FISHER,2
EDDY GRANT,1
EDEN KANE,1
EDISON LIGHTHOUSE,1
ED SHEERAN,3
EIFFEL 65,1
ELAINE PAIGE,1
ELLA EYRE,1
ELLA HENDERSON,1
ELLIE GOULDING,2
ELTON JOHN,7
ELVIS,18
ELVIS PRESLEY,17
EMELI SANDE,2
EMILE FORD & THE CHECKMATES,1
EMINEM,8
EMMA BUNTON,1
ENGELBERT HUMPERDINCK,2
ENGLAND WORLD CUP SQUAD,1
ENIGMA,1
ENRIQUE IGLESIAS,1
ENYA,2
EQUALS,1
ERASURE,1
ERIC CLAPTON,1
ERIC PRYDZ,1
ESTELLE,2
ESTHER & ABI OFARIM,1
ETERNAL,1
EUROPE,1
EURYTHMICS,1
EVA CASSIDY,1
EVANESCENCE,1
EVERLY BROTHERS,4
EXAMPLE,2
FAIRGROUND ATTRACTION,1
FAITH EVANS,1
FALCO,1
FATBOY SLIM,1
FATMAN SCOOP THE CROOKLYN CLAN,1
FEARGAL SHARKEY,1
FEDDE LE GRAND,1
FERN KINNEY,1
FERRY AID,1
FIVE,4
FLEETWOOD MAC,1
FLOATERS,1
FLORENCE & THE MACHINE,1
FLORENCE WELCH,1
FLO RIDA,5
FLOYD CRAMER,1
FLYING PICKETS,1
FOREIGNER,1
FOUNDATIONS,1
FOUR PENNIES,1
FOUR SEASONS,1
FOUR TOPS,1
FRAGMA,1
FRANKEE,1
FRANKIE GOES TO HOLLYWOOD,3
FRANKIE LAINE,4
FRANKIE LYMON,1
FRANKIE VAUGHAN,2
FRANK IFIELD,4
FRANK SINATRA,3
FREDA PAYNE,1
FREDDIE MERCURY,1
FUGEES,2
FUN.,1
GABRIELLE,3
GABRIELLE APLIN,1
GARETH GATES,4
GARETH MALONE,2
GARETH MALONE'S ALL STAR CHOIR,1
GARY BARLOW,3
GARY GLITTER,3
GARY JULES,1
GARY NUMAN,1
GARY PUCKETT,1
GENE PITNEY,1
GEORGE HARRISON,1
GEORGE MCCRAE,1
GEORGE MICHAEL,7
GEORGIE FAME,3
GEORGIE FAME & THE BLUE FLAMES,2
GERI HALLIWELL,4
GERRY & THE PACEMAKERS,3
GILBERT O'SULLIVAN,2
GINA G,1
GIRLS ALOUD,4
GLENN MEDEIROS,1
GLORIA GAYNOR,1
GNARLS BARKLEY,1
GOOMBAY DANCE BAND,1
GOONROCK,1
GORILLAZ,1
GOTYE,1
GRANDE,2
GUY MITCHELL,4
HALE & PACE & THE STONKERS,1
HALSEY,1
HANK MARVIN,1
HANSON,1
HARRY BELAFONTE,1
HARRY STYLES,1
HAYLEY WILLIAMS,1
HEAR'SAY,2
HELEN SHAPIRO,2
HELPING HAITI,1
HERMAN'S HERMITS,1
HIGHWAYMEN,1
HOLLIES,2
HOLLY VALANCE,1
HONEYCOMBS,1
HOT CHOCOLATE,1
HOUSEMARTINS,1
HUGO MONTENEGRO & HIS ORCHESTRA & CHORUS,1
HUMAN LEAGUE,1
HURTS,1
IAN DURY & THE BLOCKHEADS,1
ICONA POP,1
IGGY AZALEA,1
IRENE CARA,1
IRON MAIDEN,1
IYAZ,1
J.J. BARRIE,1
JACKIE TRENT,1
JACKIE WILSON,1
JACKSONS,1
JAGGED EDGE,1
JAM,4
JAMES ARTHUR,2
JAMES BLUNT,1
JAMES CORDEN,1
JAMIROQUAI,1
JANE BIRKIN,1
JANELLE MONAE,1
JANE MORGAN,1
JA RULE,1
JASON DERULO,4
JASON DONOVAN,4
JASON NEVINS,1
JAX JONES,1
JAY-Z,3
JAZZY JEFF & THE FRESH PRINCE,1
JENNIFER LOPEZ,3
JENNIFER RUSH,1
JERRY KELLER,1
JERRY LEE LEWIS,1
JESS GLYNNE,5
JESSIE J,3
JET HARRIS,1
JIM DIAMOND,1
JIMI HENDRIX EXPERIENCE,1
JIMMY JONES,1
JIMMY NAIL,1
JIMMY YOUNG,2
JIM REEVES,1
JIVE BUNNY & THE MASTERMIXERS,3
JLS,5
JOE COCKER,1
JOE DOLCE MUSIC THEATRE,1
JOE McELDERRY,1
JOHN DENVER,1
JOHN LEGEND,1
JOHN LENNON,3
JOHN LEYTON,1
JOHN NEWMAN,3
JOHNNIE RAY,3
JOHNNY KIDD & THE PIRATES,1
JOHNNY LOGAN,1
JOHNNY MATHIS,1
JOHNNY NASH,1
JOHNNY PRESTON,1
JOHNNY TILLOTSON,1
JOHNSTON BROTHERS,1
JOHN TRAVOLTA,2
JOSH KUMRA,1
JO STAFFORD,1
JULIE COVINGTON,1
JULIO IGLESIAS,1
JUSTICE COLLECTIVE,1
JUSTIN BIEBER,6
JUSTIN TIMBERLAKE,4
JXL,1
KAISER CHIEFS,1
KAJAGOOGOO,1
KALIN TWINS,1
KANYE WEST,3
KATE BUSH,1
KATIE MELUA,1
KATY B,1
KATY PERRY,4
KAY STARR,2
K C & THE SUNSHINE BAND,1
KDA,1
KELLY CLARKSON,1
KELLY MARIE,1
KELLY ROWLAND,2
KEN BOOTHE,1
KENNY ROGERS,2
KERI HILSON,1
KESHA,2
KID ROCK,1
KIESZA,1
KIKI DEE,1
KIMBRA,1
KINGS OF LEON,1
KINKS,3
KITTY KALLEN,1
KLF,1
KRAFTWERK,1
KWS,1
KYLA,1
KYLIE MINOGUE,7
LABRINTH,1
LADY GAGA,4
LA ROUX,1
LAS KETCHUP,1
LAUREN BENNETT,1
LAZA MORGAN,1
LEANN RIMES,1
LEE MARVIN,1
LENA MARTELL,1
LENNY KRAVITZ,1
LEONA LEWIS,3
LEON JACKSON,1
LEO SAYER,2
LIBERTY X,1
LIEUTENANT PIGEON,1
LIGHTNING SEEDS,2
LILLY WOOD,1
LIL WAYNE,1
LILY ALLEN,3
LIMP BIZKIT,1
LINDY LAYTON,1
LIONEL RICHIE,1
LISA 'LEFT EYE' LOPES,1
LISA STANSFIELD,1
LITA ROZA,1
LITTLE JIMMY OSMOND,1
LITTLE MIX,4
LIVIN' JOY,1
LL COOL J,1
LMC,1
LMFAO,1
LONG JOHN BALDRY,1
LONNIE DONEGAN,3
LORDE,1
LORD ROCKINGHAM'S XI,1
LOS LOBOS,1
LOST FREQUENCIES,1
LOU BEGA,1
LOUIS ARMSTRONG,1
LOVE AFFAIR,1
LUDACRIS,1
LUIS FONSI,1
LUKAS GRAHAM,1
LULU,1
M/A/R/R/S,1
MACKLEMORE,1
MADISON AVENUE,1
MADNESS,1
MADONNA,13
MAGIC,1
MANCHESTER UNITED FOOTBALL CLUB,1
MANFRED MANN,3
MANHATTAN TRANSFER,1
MANIC STREET PREACHERS,2
MANTOVANI,2
MARC ALMOND,1
MARCELS,1
MARIAH CAREY,2
MARIA MCKEE,1
MARIO WINANS,1
MARK MORRISON,1
MARK RONSON,1
MARMALADE,1
MAROON 5,1
MARTINE MCCUTCHEON,1
MARTIN GARRIX,1
MARVIN GAYE,1
MARVIN RAINWATER,1
MARY HOPKIN,1
MASH,1
MATT CARDLE,1
MATTHEW'S SOUTHERN COMFORT,1
MAYA,1
McFLY,7
MEAT LOAF,1
MECK,1
MEGHAN TRAINOR,2
MEL & KIM,1
MELANIE B,1
MELANIE C,2
MEN AT WORK,1
MICHAEL ANDREWS,1
MICHAEL HOLLIDAY,2
MICHAEL JACKSON,7
MICHELLE,1
MICK JAGGER,1
MIDDLE OF THE ROAD,1
MIDGE URE,1
MIKA,1
MIKE POSNER,1
MIKE SARNE,1
MILEY CYRUS,2
MILITARY WIVES,1
MINT ROYALE,1
MODJO,1
MONKEES,1
MOODY BLUES,1
MOVE,1
MR BLOBBY,1
MR OIZO,1
MR PROBZ,1
MUD,3
MUNGO JERRY,2
MUSICAL YOUTH,1
MYA,1
MY CHEMICAL ROMANCE,1
NANCY SINATRA,2
NATASHA BEDINGFIELD,1
NAUGHTY BOY,1
NAYER,1
N-DUBZ,1
NELLY,6
NELLY FURTADO,2
NENA,1
NENEH CHERRY,1
NERO,1
NEW EDITION,1
NEW KIDS ON THE BLOCK,2
NEW ORDER,1
NEW SEEKERS,2
NE-YO,5
NICK BERRY,1
NICKY ROMERO,1
NICO & VINZ,1
NICOLE,3
NICOLE KIDMAN,1
NICOLE SCHERZINGER,1
NILSSON,1
NIZLOPI,1
NO DOUBT,1
NORMAN GREENBAUM,1
NOTORIOUS BIG,1
OASIS,8
ODYSSEY,1
OFFSPRING,1
OLIVE,1
OLIVER HELDENS,1
OLIVIA NEWTON-JOHN,3
OLLY MURS,4
OLLY MURS FLO RIDA,1
OMI,1
ONE DIRECTION,4
ONEREPUBLIC,1
ORSON,1
OSMONDS,1
OUTHERE BROTHERS,2
OVERLANDERS,1
OWL CITY,1
OXIDE & NEUTRINO,1
OZZY & KELLY OSBOURNE,1
PALOMA FAITH,1
PAPER LACE,1
PARTNERS IN KRYME,1
PAT BOONE,1
PATO BANTON,1
PAUL ANKA,1
PAUL HARDCASTLE,1
PAUL MCCARTNEY,1
PAUL YOUNG,1
PEREZ PRADO & HIS ORCHESTRA,1
PERRY COMO,2
PETER & GORDON,1
PETER ANDRE,3
PETER KAY,2
PETER KAY'S ANIMATED ALL STAR,1
PETERS & LEE,1
PETER SARSTEDT,1
PETEY PABLO,1
PET SHOP BOYS,4
PETULA CLARK,2
PHARRELL WILLIAMS,2
PHIL COLLINS,3
PHILIP BAILEY,1
PHYLLIS NELSON,1
PILOT,1
PINK,4
PINK FLOYD,1
PITBULL,3
PIXIE LOTT,3
PJ & DUNCAN,1
PLATTERS,1
POLICE,5
PRETENDERS,1
PRINCE,2
PROCOL HARUM,1
PRODIGY,2
PROFESSOR GREEN,1
PSY,1
PUFF DADDY,1
PUSSYCAT,3
PUSSYCAT DOLLS,2
QUAVO,1
QUEEN,7
RACHEL PLATTEN,1
RAGE AGAINST THE MACHINE,1
RAY CHARLES,1
RAY STEVENS,1
RAYVON,1
RAZORLIGHT,1
REAL THING,1
REDMAN,1
REDNEX,1
RENEE & RENATO,1
RICK ASTLEY,1
RICKY MARTIN,1
RICKY VALANCE,1
RIGHTEOUS BROTHERS,2
RIGHT SAID FRED,1
RIHANNA,8
RITA ORA,4
RIXTON,1
RIZZLE KICKS,1
R KELLY,2
ROBBIE WILLIAMS,7
ROBIN BECK,1
ROBIN SCHULZ,1
ROBIN THICKE,1
ROBSON JEROME,3
ROBYN KLEERUP,1
ROD STEWART,6
ROGER MILLER,1
ROGER SANCHEZ,1
ROLF HARRIS,1
ROLL DEEP,2
ROLLING STONES,8
RONAN KEATING,3
RONNIE HILTON,1
ROOM 5,1
ROSEMARY CLOONEY,2
ROUTE 94,1
ROXY MUSIC,1
ROY ORBISON,3
RUBETTES,1
RUBY MURRAY,1
RUDIMENTAL,2
RUI DA SILVA,1
RUN DMC,1
RUSS CONWAY,2
RYAN LEWIS,1
SAK NOEL,1
SALLY SWEETLAND,1
SAM & MARK,1
SAM & THE WOMP,1
SAM BAILEY,1
SAM MARTIN,1
SAM SMITH,5
SANDIE SHAW,3
SANDI THOM,1
SARAH-JANE MORRIS,1
SATURDAYS,1
SCAFFOLD,1
SCISSOR SISTERS,1
S CLUB 7,4
SCOTT MCKENZIE,1
SCOUTING FOR GIRLS,1
SCRIPT,1
SEAN KINGSTON,1
SEAN PAUL,2
SEARCHERS,3
SECONDCITY,1
SEEKERS,4
SERGE GAINSBOURG,1
S-EXPRESS,1
SHADOWS,12
SHAGGY,4
SHAKESPEAR'S SISTER,1
SHAKIN' STEVENS,4
SHAKIRA,2
SHAMEN,1
SHANKS & BIGFOOT,1
SHAPESHIFTERS,1
SHAWN MENDES,1
SHAYNE WARD,1
SHIRLEY BASSEY,2
SHOWADDYWADDY,1
SIA,1
SIAN EVANS,1
SIGALA,1
SIGMA,2
SIMON & GARFUNKEL,1
SIMON PARK ORCHESTRA,1
SIMPLE MINDS,1
SIMPLY RED,1
SIMPSONS,1
SINEAD O'CONNOR,1
SISTER SLEDGE,1
SLADE,6
SLIK,1
SLIM WHITMAN,1
SMALL FACES,1
SMOKEY ROBINSON,2
SNAP,2
SNOOP DOGG,1
SOFT CELL,1
SONIA,1
SONIQUE,1
SONNY,1
SO SOLID CREW,1
SOUL II SOUL,1
SPACEDUST,1
SPANDAU BALLET,1
SPECIALS,1
SPENCER DAVIS GROUP,2
SPICE GIRLS,9
SPILLER,1
SPINNERS,1
SPITTING IMAGE,1
STARGAZERS,3
STARSHIP,1
STATUS QUO,1
STEPS,2
STEREOPHONICS,1
STEVE 'SILK' HURLEY,1
STEVE BROOKSTEIN,1
STEVE HARLEY,1
STEVE MILLER BAND,1
STEVIE WONDER,2
STILTSKIN,1
STORM QUEEN,1
STREETS,1
ST WINIFRED'S SCHOOL CHOIR,1
STYLISTICS,1
SUGABABES,6
SUPREMES,1
SURVIVOR,1
SUZI QUATRO,2
SWEDISH HOUSE MAFIA,1
SWEET,2
SWEET SENSATION,1
T'PAU,1
TAB HUNTER,1
TAIO CRUZ,2
TAKE THAT,12
TAMMY WYNETTE,1
TAMPERER,1
TAMS,1
TASMIN ARCHER,1
TEENAGERS,1
TELETUBBIES,1
TELLY SAVALAS,1
TEMPERANCE SEVEN,1
TENNESSEE ERNIE FORD,2
TERRY JACKS,1
THE ACES,1
THE CHAINSMOKERS,1
THE FIRM,1
THE KUMARS,1
THE LEWISHAM & GREENWICH NHS CHOIR,1
THE MELLOMEN,1
THE MIRACLES,1
THE PIPES & DRUMS & MILITARY BAND OF THE ROYAL SCOTS DRAGOON GUARDS,1
THE PLASTIC POPULATION,1
THE PROCLAIMERS,1
THE SHADOWS,7
THE SHONDELLS,1
THE SPECIAL AKA,1
THE WONDER STUFF,1
THREE DEGREES,1
THUNDERCLAP NEWMAN,1
TI,1
TIFFANY,1
TIGHT FIT,1
TIMBALAND,2
TIMELORDS,1
TIM MCGRAW,1
TINA CHARLES,1
TINCHY STRYDER,2
TING TINGS,1
TINIE TEMPAH,7
TOMCRAFT,1
TOM JONES,2
TOMMY EDWARDS,1
TOMMY JAMES,1
TOMMY ROE,1
TOMMY STEELE & THE STEELMEN,1
TONY BENNETT,1
TONY CHRISTIE,1
TONY DI BART,1
TONY MEEHAN,1
TONY ORLANDO,1
TORI AMOS,1
TORNADOS,1
TREMELOES,2
T REX,4
TROGGS,1
TUBEWAY ARMY,1
TULISA,1
TYMES,1
TYPICALLY TROPICAL,1
U2,7
UB40,3
UNION GAP,1
UNIT FOUR PLUS TWO,1
USA FOR AFRICA,1
USHER,4
VANILLA ICE,1
VARIOUS ARTISTS,1
VENGABOYS,2
VERA LYNN,1
VERVE,1
VIC DAMONE,1
VIC REEVES,1
VILLAGE PEOPLE,1
WALKER BROTHERS,2
WAMDUE PROJECT,1
WANTED,2
WANZ,1
WENDY RICHARD,1
WESTLIFE,14
WET WET WET,3
WHIGFIELD,1
WHITE TOWN,1
WHITNEY HOUSTON,4
WILEY,1
WILL I AM,5
WILL SMITH,1
WILL YOUNG,4
WINDSOR DAVIES & DON ESTELLE,1
WINGS,1
WINIFRED ATWELL,2
WIZ KHALIFA,2
WIZKID,1
WIZZARD,2
WRETCH 32,1
WURZELS,1
WYCLEF JEAN,1
X FACTOR,4
X FACTOR FINALISTS,3
X FACTOR FINALISTS 2010,1
X FACTOR FINALISTS 2011,1
YAZZ,1
YEARS & YEARS,1
YOLANDA BE COOL,1
YOUNG ONES,1
ZAGER & EVANS,1
ZAYN,1